ID,SMILES,NAME,CLASS
mbcd0028129,COc1ccccc1Oc1c(NS(=O)(=O)c2ccc(C(C)(C)C)cc2)nc(-c2ncccn2)nc1OCCO,bosentan,1
mbcd0029740,COc1cc2c(cc1OC)CN(C(=O)[C@@H]1CCCN(CCNC(=O)c3ccc(F)cc3)C1)CC2,YM758,1
mbcd0029769,C[C@H](CCC(=O)NC(CCCCNC(=S)Nc1ccc2c(c1)C(=O)OC21c2ccc(O)cc2Oc2cc(O)ccc21)C(=O)O)[C@H]1CC[C@H]2[C@@H]3[C@H](O)C[C@@H]4C[C@H](O)CC[C@]4(C)[C@H]3C[C@H](O)[C@]12C,cholyl lysyl fluorescein,1
mbcd0000199,CC(C)C[C@@H]1NC(=O)[C@@H](C(C)C)NC(=O)[C@@H]2CCCN2C(=O)[C@@H](CC(=O)O)NC(=O)[C@@H](Cc2c[nH]c3ccccc23)NC1=O,BQ-123,1
mbcd0001664,C[C@H](CCC(=O)NCCS(=O)(=O)O)[C@H]1CC[C@H]2[C@@H]3[C@H](O)C[C@@H]4C[C@H](O)CC[C@]4(C)[C@H]3C[C@H](O)[C@]12C,Taurocholic acid,1
mbcd0003126,CC[C@H](C)C(=O)O[C@H]1C[C@H](O)C=C2C=C[C@H](C)[C@H](CC[C@@H](O)C[C@@H](O)CC(=O)O)[C@H]21,Pravastatin,1
mbcd0003070,C[C@]12CC[C@H](OS(=O)(=O)O)CC1=CC[C@@H]1[C@@H]2CC[C@]2(C)C(=O)CC[C@@H]12,dehydroepiandrosterone sulfate,1
mbcd0000823,CCOC(=O)[C@H](CCc1ccccc1)N[C@H]1CS[C@H](c2cccs2)CN(CC(=O)O)C1=O,Temocapril,1
mbcd0000146,O[As](O)O,Arsenite,1
mbcd0029849,CN1CC[C@@H](c2c(O)cc(O[C@@H]3O[C@H](C(=O)O)[C@@H](O)[C@H](O)[C@H]3O)c3c(=O)cc(-c4ccccc4Cl)oc23)[C@@H](O)C1,flavopiridol glucuronide,1
mbcd0001324,CO[C@H]1C[C@@H]2CC[C@@H](C)[C@@](O)(O2)C(=O)C(=O)N2CCCC[C@H]2C(=O)O[C@H]([C@H](C)C[C@@H]2CC[C@@H](O)[C@H](OC)C2)CC(=O)[C@H](C)/C=C(\C)[C@@H](O)[C@@H](OC)C(=O)[C@H](C)C[C@H](C)/C=C/C=C/C=C/1C,Sirolimus,1
mbcd0029833,COc1cccc(OC)c1-c1ccc(C[C@@H](C(=O)O)N(C=O)c2c(Cl)cccc2Cl)cc1,TR-14035,1
mbcd0029828,C=C1C(=O)NC(C)C(=O)NC(CC(C)C)C(=O)NC(C(=O)O)C(C)C(=O)NC(Cc2ccccc2)C(=O)NC(/C=C/C(C)=C/C(C)C(Cc2ccccc2)OC)C(C)C(=O)NC(C(=O)O)CCC(=O)N1C,microcystin LF,1
mbcd0000187,C=CC1=C(C)/C(=C/c2[nH]c(Cc3[nH]c(/C=C4\NC(=O)C(C)=C4C=C)c(C)c3CCC(=O)O[C@@H]3O[C@H](C(=O)O)[C@@H](O)[C@H](O)[C@H]3O)c(CCC(=O)O)c2C)NC1=O,Bilirubin monoglucuronide,1
mbcd0003043,CN(Cc1cnc2nc(N)nc(N)c2n1)c1ccc(C(=O)N[C@@H](CCC(=O)O)C(=O)O)cc1,Methotrexate,1
mbcd0001532,CC(=O)O[C@H]1C(=O)[C@@]2(C)[C@H]([C@H](OC(=O)c3ccccc3)[C@]3(O)C[C@H](OC(=O)[C@H](O)[C@@H](NC(=O)c4ccccc4)c4ccccc4)C(C)=C1C3(C)C)[C@]1(OC(C)=O)CO[C@@H]1C[C@@H]2O,Paclitaxel,1
mbcd0001241,CC(C)[C@H]1CC[C@H](C(=O)N[C@H](Cc2ccccc2)C(=O)O)CC1,Nateglinide,1
mbcd0010791,CCN1CCN(C(=O)N[C@@H](C(=O)N[C@@H]2C(=O)N3C(C(=O)O)=C(CSc4nnnn4C)CS[C@H]23)c2ccc(O)cc2)C(=O)C1=O,cefoperazone,1
mbcd0000528,CCCCC/C=C\C/C=C\C=C\C=C\[C@@H](SC[C@H](N)C(=O)O)[C@@H](O)CCCC(=O)O,leukotriene E4,1
mbcd0029826,C=C1C(=O)N[C@H](C)C(=O)N[C@H](CCCNC(=N)N)C(=O)N[C@@H](C(=O)O)[C@H](C)C(=O)N[C@@H](CCCNC(=N)N)C(=O)N[C@@H](/C=C/C(C)=C/[C@H](C)[C@H](Cc2ccccc2)OC)[C@H](C)C(=O)N[C@@H](C(=O)O)CCC(=O)N1C,microcystein RR,1
mbcd0000693,O=C(O)C[C@H](O)C[C@H](O)/C=C/c1c(C2CC2)nc2ccccc2c1-c1ccc(F)cc1,pitavastatin,1
mbcd0001635,C[C@H](CCC(=O)NCC(=O)O)[C@H]1CC[C@H]2[C@@H]3[C@H](O)C[C@@H]4C[C@H](O)CC[C@]4(C)[C@H]3CC[C@]12C,Glycochenodeoxycholic acid,1
mbcd0001904,CCOc1cc(CC(=O)N[C@@H](CC(C)C)c2ccccc2N2CCCCC2)ccc1C(=O)O,repaglinide,1
mbcd0029477,CO/N=C(\C(=O)N[C@@H]1C(=O)N2C(C(=O)O)=C(/C=C\c3scnc3C)CS[C@H]12)c1csc(N)n1,cefditoren,1
mbcd0000779,CCc1c2c(nc3ccc(O)cc13)-c1cc3c(c(=O)n1C2)COC(=O)[C@]3(O)CC,SN-38,1
mbcd0002917,CCCCC/C=C\C/C=C\C=C\C=C\[C@@H](SC[C@H](NC(=O)CC[C@H](N)C(=O)O)C(=O)NCC(=O)O)[C@@H](O)CCCC(=O)O,Leukotrien C4,1
mbcd0000458,C[C@H](CCC(=O)NCC(=O)O)[C@H]1CC[C@H]2[C@@H]3[C@@H](O)C[C@@H]4C[C@H](O)CC[C@]4(C)[C@H]3CC[C@]12C,Glycoursodeoxycholate,1
mbcd0001448,CC(C)c1nc(N(C)S(C)(=O)=O)nc(-c2ccc(F)cc2)c1/C=C/[C@@H](O)C[C@@H](O)CC(=O)O,Rosuvastatin,1
mbcd0029196,Cc1cc(C)c(NC(=O)CN(CC(=O)O)CC(=O)O)c(C)c1Br,Mebrofenin,1
mbcd0000253,C[C@H](CCC(=O)NCC(=O)Nc1ccc(-c2c3ccc(=O)cc-3oc3cc(O)ccc23)c(C(=O)O)c1)[C@H]1CC[C@H]2[C@@H]3[C@H](O)C[C@@H]4C[C@H](O)CC[C@]4(C)[C@H]3C[C@H](O)[C@]12C,Cholylglycylamidofluorescein,1
mbcd0000819,C[C@H](CCC(=O)NCCS(=O)(=O)O)[C@H]1CC[C@H]2[C@@H]3CC[C@@H]4C[C@H](OS(=O)(=O)O)CC[C@]4(C)[C@H]3CC[C@]12C,taurolithocholic acid 3-sulfate,1
mbcd0029150,CCCCN(CCCC)C(=O)CN1C[C@H](c2ccc3c(c2)OCO3)[C@@H](C(=O)O)[C@@H]1c1ccc(OC)cc1,Atrasentan,1
mbcd0002466,COc1cc([C@@H]2c3cc4c(cc3[C@@H](O[C@@H]3O[C@@H]5CO[C@@H](C)O[C@H]5[C@H](O)[C@H]3O)[C@H]3COC(=O)[C@H]23)OCO4)cc(OC)c1O,Etoposide,1
mbcd0025591,CC[C@H](C)C(=O)O[C@H]1C[C@@H](C)C=C2C=C[C@H](C)[C@H](CC[C@@H]3C[C@@H](O)CC(=O)O3)[C@H]21,lovastatin,1
mbcd0000005,CC(C)C[C@@H](NC(=O)[C@H](Cc1ccccc1)NC(=O)CNC(=O)[C@@H](C)NC(=O)[C@@H](N)Cc1ccc(O)cc1)C(=O)O,"[D-Ala2, D-Leu5]-enkephalin",1
mbcd0000984,N[C@@H](Cc1cc(I)c(Oc2ccc(O)c(I)c2)c(I)c1)C(=O)O,Liothyronine,1
mbcd0002241,Cc1cccc(C)c1OCC(=O)N[C@@H](Cc1ccccc1)[C@@H](O)C[C@H](Cc1ccccc1)NC(=O)[C@H](C(C)C)N1CCCNC1=O,Lopinavir,1
mbcd0023123,COCc1c(C(C)C)nc(C(C)C)c(/C=C/[C@@H](O)C[C@@H](O)CC(=O)O)c1-c1ccc(F)cc1,Cerivastatin,1
mbcd0029169,Brc1cc(Br)c(Oc2cc(Br)c(Br)cc2Br)cc1Br,BDE153,1
mbcd0000387,C[C@]12CC[C@@H]3c4ccc(O)cc4CC[C@H]3[C@@H]1CC[C@@H]2O[C@@H]1O[C@H](C(=O)O)[C@@H](O)[C@H](O)[C@H]1O,17beta-estradiol 17beta-D-glucuronide,1
mbcd0018125,NC(=O)NO,Hydroxyurea,1
mbcd0001445,CC(C)n1c(/C=C/[C@H](O)C[C@H](O)CC(=O)O)c(-c2ccc(F)cc2)c2ccccc21,Fluvastatin,1
mbcd0001343,CCCCC[C@H](O)/C=C/[C@H]1[C@H](O)CC(=O)[C@@H]1C/C=C\CCCC(=O)O,Dinoprostone,1
mbcd0001652,CN1CC[C@H](c2c(O)cc(O)c3c(=O)cc(-c4ccccc4Cl)oc23)[C@H](O)C1,flavopiridol,1
mbcd0000875,Cc1c(C)c2c(c(C)c1OS(=O)(=O)O)CCC(C)(COc1ccc(Cc3sc(=O)[nH]c3O)cc1)O2,Troglitazone sulfate,1
mbcd0004701,C=CC1=C(C)/C(=C/c2[nH]c(Cc3[nH]c(/C=C4/NC(=O)C(C)=C4C=C)c(C)c3CCC(=O)O[C@@H]3O[C@H](C(=O)O)[C@@H](O)[C@H](O)[C@H]3O)c(CCC(=O)O[C@@H]3O[C@H](C(=O)O)[C@@H](O)[C@H](O)[C@H]3O)c2C)NC1=O,bilirubin bisglucuronoside,1
mbcd0029168,Brc1ccc(Oc2cc(Br)c(Br)cc2Br)c(Br)c1,BDE99,1
mbcd0029425,O=C(O)[C@H]1O[C@@H](Oc2ccc([C@@H]3[C@@H](CC[C@H](O)c4ccc(F)cc4)C(=O)N3c3ccc(F)cc3)cc2)[C@H](O)[C@@H](O)[C@@H]1O,Ezetimibe glucuronide,1
mbcd0004702,C=CC1=C(C)/C(=C/c2[nH]c(Cc3[nH]c(/C=C4\NC(=O)C(C)=C4C=C)c(C)c3CCC(=O)O)c(CCC(=O)O)c2C)NC1=O,Bilirubin,1
mbcd0014270,CCOc1ccc2ccccc2c1C(=O)N[C@@H]1C(=O)N2[C@@H]1SC(C)(C)[C@@H]2C(=O)O,Nafcillin,1
mbcd0000675,C[C@@H]1NC(=O)[C@H](C[C@@](C)(O)CO)NC(=O)[C@@H]2Cc3c([nH]c4ccccc34)SC[C@H](NC(=O)[C@@H]([C@H](C)O)NC1=O)C(=O)N1C[C@@H](O)C[C@H]1C(=O)N[C@@H](C)C(=O)N2,Phalloidin,1
mbcd0029357,C[C@H](Nc1ncnc2[nH]c(-c3ccc(O[C@@H]4O[C@H](C(=O)O)[C@@H](O)[C@H](O)[C@H]4O)cc3)cc12)c1ccccc1,ACU154,1
mbcd0000848,CCCCC[C@H](O)/C=C/[C@H]1OC(O)C[C@H](O)[C@@H]1C/C=C\CCCC(=O)O,Thromboxane B2,1
mbcd0002634,CC(C)CN(C[C@@H](O)[C@H](Cc1ccccc1)NC(=O)O[C@H]1CO[C@H]2OCC[C@H]21)S(=O)(=O)c1ccc(N)cc1,Darunavir,1
mbcd0003086,CCCCC(=O)N(Cc1ccc(-c2ccccc2-c2nnn[nH]2)cc1)[C@H](C(=O)O)C(C)C,valsartan,1
mbcd0001120,CC[C@H](C)C[C@H](C)CCCCCCCCC(=O)N[C@H]1C[C@@H](O)[C@@H](NCCN)NC(=O)[C@@H]2[C@@H](O)CCN2C(=O)[C@H]([C@H](O)CCN)NC(=O)[C@H]([C@H](O)[C@@H](O)c2ccc(O)cc2)NC(=O)[C@@H]2C[C@@H](O)CN2C(=O)[C@H]([C@@H](C)O)NC1=O,Caspofungin,1
mbcd0001533,CC(C)(C)NC(=O)[C@@H]1C[C@@H]2CCCC[C@@H]2CN1C[C@@H](O)[C@H](Cc1ccccc1)NC(=O)[C@H](CC(N)=O)NC(=O)c1ccc2ccccc2n1,saquinavir,1
mbcd0001216,O=C1OC2(c3ccc(O)cc3Oc3cc(O)ccc32)c2ccccc21,Fluorescein,1
mbcd0029855,O=[As](O)(O)O,arsenate,1
mbcd0003005,CCCc1nc(C(C)(C)O)c(C(=O)O)n1Cc1ccc(-c2ccccc2-c2nnn[nH]2)cc1,Olmesartan,1
mbcd0029844,CC[C@@]1(O)C(=O)OCc2c1cc1n(c2=O)Cc2c-1nc1ccccc1c2/C=N/OC(C)(C)C,Gimatecan,1
mbcd0003035,O=C1OC(c2ccc(O)c(S(=O)(=O)O)c2)(c2ccc(O)c(S(=O)(=O)O)c2)c2c(Br)c(Br)c(Br)c(Br)c21,Bromosulfophthalein,1
mbcd0029786,CN(Cc1cnc2nc(N)nc(N)c2n1)c1ccc(C(=O)N[C@@H](CCC(=O)NCCCCCNC(=S)Nc2ccc3c(c2)C(=O)OC32c3ccc(O)cc3Oc3cc(O)ccc32)C(=O)O)cc1,Fluorescein methotrexate,1
mbcd0029127,COc1ccccc1Oc1c(NS(=O)(=O)c2ccc(C(C)(C)CO)cc2)nc(-c2ncccn2)nc1OCCO,"Benzenesulfonamide, 4-(2-hydroxy-1,1-dimethylethyl)-N-[6-(2-hydroxyethoxy)-5-(2-methoxyphenoxy)[2,2'-bipyrimidin]-4-yl]-",1
mbcd0000455,C[C@H](CCC(=O)NCC(=O)O)[C@H]1CC[C@H]2[C@@H]3[C@H](O)C[C@@H]4C[C@H](O)CC[C@]4(C)[C@H]3C[C@H](O)[C@]12C,Glycocholate,1
mbcd0029785,Nc1ncnc2c1nc(SCCNC(=S)Nc1ccc3c(c1)C(=O)OC31c3ccc(O)cc3Oc3cc(O)ccc31)n2[C@@H]1O[C@@H]2COP(=O)(O)O[C@H]2[C@H]1O,8-fluorescein-cAMP,1
mbcd0001416,CO[C@H]1/C=C\O[C@@]2(C)Oc3c(C)c(O)c4c(O)c(c(/C=N/N5CCN(C)CC5)c(O)c4c3C2=O)NC(=O)/C(C)=C\C=C/[C@H](C)[C@H](O)[C@@H](C)[C@@H](O)[C@@H](C)[C@H](OC(C)=O)[C@@H]1C,Rifampin,1
mbcd0029852,CCC(CC)CC(=O)c1cc(-c2ccc(OC)c(OC)c2)c2c(OC)c(OC)c(OC)cc2c1O[C@@H]1O[C@H](C(=O)O)[C@@H](O)[C@H](O)[C@H]1O,S8921G,1
mbcd0029827,C=C1C(=O)NC(C)C(=O)NC(CC(C)C)C(=O)NC(C(=O)O)C(C)C(=O)NC(Cc2c[nH]c3ccccc23)C(=O)NC(/C=C\C(C)=C\C(C)C(Cc2ccccc2)OC)C(C)C(=O)NC(C(=O)O)CCC(=O)N1C,microcystin LW,1
mbcd0001194,CCC(C)(C)C(=O)O[C@H]1C[C@@H](C)C=C2C=C[C@H](C)[C@H](CC[C@@H]3C[C@@H](O)CC(=O)O3)[C@H]21,Simvastatin,1
mbcd0029835,CC=C1C(=O)N[C@@H](C(=O)O)[C@H](C)C(=O)N[C@@H](CCCNC(=N)N)C(=O)N[C@@H](/C=C/C(C)=C/[C@H](C)[C@H](Cc2ccccc2)OC)[C@H](C)C(=O)N[C@@H](C(=O)O)CCC(=O)N1C,Nodularin,1
mbcd0029339,C#C[C@]1(O)CC[C@H]2[C@@H]3CCc4cc(OS(=O)(=O)O)ccc4[C@H]3CC[C@@]21C,Ethinylestradiol-3-O-sulfate,1
mbcd0029167,Brc1ccc(Oc2ccc(Br)cc2Br)c(Br)c1,BDE 47,1
mbcd0029845,Cc1ccc(Nc2nccc(N(C)c3ccc4c(C)n(C)nc4c3)n2)cc1S(N)(=O)=O,Pazopanib,1
mbcd0029851,COc1c(C)c2c(c(O)c1C/C=C(\C)CCC(=O)O[C@@H]1O[C@H](C(=O)O)[C@@H](O)[C@H](O)[C@H]1O)C(=O)OC2,Mycophenolic acid-O-glucuronide,1
mbcd0003957,N[C@@H](Cc1cc(I)c(Oc2cc(I)c(O)c(I)c2)c(I)c1)C(=O)O,Levothyroxine,1
mbcd0029829,C[C@H](CCC(=O)N[C@@H](CCCCNc1ccc([N+](=O)[O-])c2nonc12)C(=O)O)[C@H]1CC[C@H]2[C@@H]3[C@H](O)C[C@@H]4C[C@H](O)CC[C@]4(C)[C@H]3CC[C@]12C,chenodeoxycholyl-(Nepsilon-NBD)-lysine,1
mbcd0003134,CC1(C)S[C@@H]2[C@H](NC(=O)Cc3ccccc3)C(=O)N2[C@H]1C(=O)O,penicillin G,1
mbcd0001611,N[C@@H](Cc1cc(I)c(Oc2cc(I)c(O)c(I)c2)c(I)c1)C(=O)O.N[C@@H](Cc1cc(I)c(Oc2ccc(O)c(I)c2)c(I)c1)C(=O)O,Liotrix,1
mbcd0003155,Cc1ccc(N(CC(=O)O)CC(=O)O)c(OCCOc2cc(-c3c4cc(Cl)c(=O)cc-4oc4cc(O)c(Cl)cc34)ccc2N(CC(=O)O)CC(=O)O)c1,Fluo-3,1
mbcd0000325,CC(O)CC1NC(=O)C2Cc3c([nH]c4ccccc34)SCC(NC(=O)C(C(C)O)NC(=O)C(C)NC1=O)C(=O)N1CC(O)CC1C(=O)NC(C)C(=O)N2,Demethylphalloin,1
mbcd0000575,C=C1C(=O)N[C@H](C)C(=O)N[C@@H](CC(C)C)C(=O)N[C@@H](C(=O)O)[C@H](C)C(=O)N[C@@H](CCCNC(=N)N)C(=O)N[C@@H](/C=C/C(C)=C/[C@H](C)[C@H](Cc2ccccc2)OC)[C@H](C)C(=O)N[C@@H](C(=O)O)CCC(=O)N1C,microcystin-LR,1
mbcd0000815,C[C@H](CCC(=O)NCCS(=O)(=O)O)[C@H]1CC[C@H]2[C@@H]3[C@H](O)C[C@@H]4C[C@H](O)CC[C@]4(C)[C@H]3CC[C@]12C,Taurochenodeoxycholic acid,1
mbcd0002041,CC1(C)SSC(C)(C)[C@@H](NC(=O)[C@@H](N)Cc2ccc(O)cc2)C(=O)NCC(=O)N[C@@H](Cc2ccccc2)C(=O)N[C@H]1C(=O)O,"[D-Pen2,D-Pen5]-enkephalin",1
mbcd0010876,Cc1cccc(Nc2ccncc2S(=O)(=O)NC(=O)NC(C)C)c1,Torasemide,1
mbcd0029850,CC[C@@]1(O)C(=O)OCc2c1cc1n(c2=O)Cc2c-1nc1ccccc1c2CC[Si](C)(C)C,Karenitecin,1
mbcd0003497,Cc1nnc(SCC2=C(C(=O)O)N3C(=O)[C@@H](NC(=O)Cn4cnnn4)[C@H]3SC2)s1,Cefazoline,1
mbcd0026093,CC(C)c1c(C(=O)Nc2ccccc2)c(-c2ccccc2)c(-c2ccc(F)cc2)n1CC[C@@H](O)C[C@@H](O)CC(=O)O,Atorvastatin,1
mbcd0003075,C[C@]12CC[C@@H]3c4ccc(OS(=O)(=O)O)cc4CC[C@H]3[C@@H]1CCC2=O,Estrone-3-sulfate,1
mbcd0003498,CCOC(=O)[C@H](CCc1ccccc1)N[C@@H](C)C(=O)N1CCC[C@H]1C(=O)O,Enalapril,1
mbcd0029843,N[C@@H](Cc1cc(I)c(Oc2ccc(O)c(I)c2)c(I)c1)C(=O)O[SH](=O)=O,triiodothyronine sulfate,1
mbcd0004706,CSCC[C@H](NC(=O)[C@H](Cc1ccc(OS(=O)(=O)O)cc1)NC(=O)[C@@H](N)CC(=O)O)C(=O)NCC(=O)N[C@@H](Cc1c[nH]c2ccccc12)C(=O)N[C@@H](CCSC)C(=O)N[C@@H](CC(=O)O)C(=O)N[C@@H](Cc1ccccc1)C(N)=O,Cholecystokinin 8,1
mbcd0001640,C[C@H](CCC(=O)O)[C@H]1CC[C@H]2[C@@H]3[C@H](O)C[C@@H]4C[C@H](O)CC[C@]4(C)[C@H]3C[C@H](O)[C@]12C,Cholic acid,1
